species	aa	codon	freq
b_subtilis	K	AAA	0.70
b_subtilis	N	AAC	0.44
b_subtilis	K	AAG	0.30
b_subtilis	N	AAT	0.56
b_subtilis	T	ACA	0.40
b_subtilis	T	ACC	0.17
b_subtilis	T	ACG	0.27
b_subtilis	T	ACT	0.16
b_subtilis	R	AGA	0.25
b_subtilis	S	AGC	0.23
b_subtilis	R	AGG	0.10
b_subtilis	S	AGT	0.11
b_subtilis	I	ATA	0.13
b_subtilis	I	ATC	0.37
b_subtilis	M	ATG	1.00
b_subtilis	I	ATT	0.49
b_subtilis	Q	CAA	0.52
b_subtilis	H	CAC	0.32
b_subtilis	Q	CAG	0.48
b_subtilis	H	CAT	0.68
b_subtilis	P	CCA	0.19
b_subtilis	P	CCC	0.09
b_subtilis	P	CCG	0.44
b_subtilis	P	CCT	0.28
b_subtilis	R	CGA	0.10
b_subtilis	R	CGC	0.20
b_subtilis	R	CGG	0.17
b_subtilis	R	CGT	0.18
b_subtilis	L	CTA	0.05
b_subtilis	L	CTC	0.11
b_subtilis	L	CTG	0.24
b_subtilis	L	CTT	0.23
b_subtilis	E	GAA	0.68
b_subtilis	D	GAC	0.36
b_subtilis	E	GAG	0.32
b_subtilis	D	GAT	0.64
b_subtilis	A	GCA	0.28
b_subtilis	A	GCC	0.22
b_subtilis	A	GCG	0.26
b_subtilis	A	GCT	0.24
b_subtilis	G	GGA	0.31
b_subtilis	G	GGC	0.34
b_subtilis	G	GGG	0.16
b_subtilis	G	GGT	0.19
b_subtilis	V	GTA	0.20
b_subtilis	V	GTC	0.26
b_subtilis	V	GTG	0.26
b_subtilis	V	GTT	0.28
b_subtilis	*	TAA	0.61
b_subtilis	Y	TAC	0.35
b_subtilis	*	TAG	0.15
b_subtilis	Y	TAT	0.65
b_subtilis	S	TCA	0.23
b_subtilis	S	TCC	0.13
b_subtilis	S	TCG	0.10
b_subtilis	S	TCT	0.20
b_subtilis	*	TGA	0.24
b_subtilis	C	TGC	0.54
b_subtilis	W	TGG	1.00
b_subtilis	C	TGT	0.46
b_subtilis	L	TTA	0.21
b_subtilis	F	TTC	0.32
b_subtilis	L	TTG	0.16
b_subtilis	F	TTT	0.68
c_elegans	K	AAA	0.59
c_elegans	N	AAC	0.38
c_elegans	K	AAG	0.41
c_elegans	N	AAT	0.62
c_elegans	T	ACA	0.34
c_elegans	T	ACC	0.18
c_elegans	T	ACG	0.15
c_elegans	T	ACT	0.32
c_elegans	R	AGA	0.29
c_elegans	S	AGC	0.10
c_elegans	R	AGG	0.08
c_elegans	S	AGT	0.15
c_elegans	I	ATA	0.16
c_elegans	I	ATC	0.31
c_elegans	M	ATG	1.00
c_elegans	I	ATT	0.53
c_elegans	Q	CAA	0.66
c_elegans	H	CAC	0.39
c_elegans	Q	CAG	0.34
c_elegans	H	CAT	0.61
c_elegans	P	CCA	0.53
c_elegans	P	CCC	0.09
c_elegans	P	CCG	0.20
c_elegans	P	CCT	0.18
c_elegans	R	CGA	0.23
c_elegans	R	CGC	0.10
c_elegans	R	CGG	0.09
c_elegans	R	CGT	0.21
c_elegans	L	CTA	0.09
c_elegans	L	CTC	0.17
c_elegans	L	CTG	0.14
c_elegans	L	CTT	0.25
c_elegans	E	GAA	0.62
c_elegans	D	GAC	0.32
c_elegans	E	GAG	0.38
c_elegans	D	GAT	0.68
c_elegans	A	GCA	0.31
c_elegans	A	GCC	0.20
c_elegans	A	GCG	0.13
c_elegans	A	GCT	0.36
c_elegans	G	GGA	0.59
c_elegans	G	GGC	0.12
c_elegans	G	GGG	0.08
c_elegans	G	GGT	0.20
c_elegans	V	GTA	0.16
c_elegans	V	GTC	0.22
c_elegans	V	GTG	0.23
c_elegans	V	GTT	0.39
c_elegans	*	TAA	0.43
c_elegans	Y	TAC	0.44
c_elegans	*	TAG	0.18
c_elegans	Y	TAT	0.56
c_elegans	S	TCA	0.26
c_elegans	S	TCC	0.13
c_elegans	S	TCG	0.15
c_elegans	S	TCT	0.21
c_elegans	*	TGA	0.39
c_elegans	C	TGC	0.45
c_elegans	W	TGG	1.00
c_elegans	C	TGT	0.55
c_elegans	L	TTA	0.11
c_elegans	F	TTC	0.51
c_elegans	L	TTG	0.23
c_elegans	F	TTT	0.49
d_melanogaster	K	AAA	0.30
d_melanogaster	N	AAC	0.56
d_melanogaster	K	AAG	0.70
d_melanogaster	N	AAT	0.44
d_melanogaster	T	ACA	0.20
d_melanogaster	T	ACC	0.38
d_melanogaster	T	ACG	0.26
d_melanogaster	T	ACT	0.17
d_melanogaster	R	AGA	0.09
d_melanogaster	S	AGC	0.25
d_melanogaster	R	AGG	0.11
d_melanogaster	S	AGT	0.14
d_melanogaster	I	ATA	0.19
d_melanogaster	I	ATC	0.47
d_melanogaster	M	ATG	1.00
d_melanogaster	I	ATT	0.34
d_melanogaster	Q	CAA	0.30
d_melanogaster	H	CAC	0.60
d_melanogaster	Q	CAG	0.70
d_melanogaster	H	CAT	0.40
d_melanogaster	P	CCA	0.25
d_melanogaster	P	CCC	0.33
d_melanogaster	P	CCG	0.29
d_melanogaster	P	CCT	0.13
d_melanogaster	R	CGA	0.15
d_melanogaster	R	CGC	0.33
d_melanogaster	R	CGG	0.15
d_melanogaster	R	CGT	0.16
d_melanogaster	L	CTA	0.09
d_melanogaster	L	CTC	0.15
d_melanogaster	L	CTG	0.43
d_melanogaster	L	CTT	0.10
d_melanogaster	E	GAA	0.33
d_melanogaster	D	GAC	0.47
d_melanogaster	E	GAG	0.67
d_melanogaster	D	GAT	0.53
d_melanogaster	A	GCA	0.17
d_melanogaster	A	GCC	0.45
d_melanogaster	A	GCG	0.19
d_melanogaster	A	GCT	0.19
d_melanogaster	G	GGA	0.29
d_melanogaster	G	GGC	0.43
d_melanogaster	G	GGG	0.07
d_melanogaster	G	GGT	0.21
d_melanogaster	V	GTA	0.11
d_melanogaster	V	GTC	0.24
d_melanogaster	V	GTG	0.47
d_melanogaster	V	GTT	0.19
d_melanogaster	*	TAA	0.41
d_melanogaster	Y	TAC	0.63
d_melanogaster	*	TAG	0.33
d_melanogaster	Y	TAT	0.37
d_melanogaster	S	TCA	0.09
d_melanogaster	S	TCC	0.24
d_melanogaster	S	TCG	0.20
d_melanogaster	S	TCT	0.08
d_melanogaster	*	TGA	0.25
d_melanogaster	C	TGC	0.71
d_melanogaster	W	TGG	1.00
d_melanogaster	C	TGT	0.29
d_melanogaster	L	TTA	0.05
d_melanogaster	F	TTC	0.62
d_melanogaster	L	TTG	0.18
d_melanogaster	F	TTT	0.38
e_coli	K	AAA	0.76
e_coli	N	AAC	0.55
e_coli	K	AAG	0.24
e_coli	N	AAT	0.45
e_coli	T	ACA	0.13
e_coli	T	ACC	0.44
e_coli	T	ACG	0.27
e_coli	T	ACT	0.16
e_coli	R	AGA	0.04
e_coli	S	AGC	0.28
e_coli	R	AGG	0.02
e_coli	S	AGT	0.15
e_coli	I	ATA	0.07
e_coli	I	ATC	0.42
e_coli	M	ATG	1.00
e_coli	I	ATT	0.51
e_coli	Q	CAA	0.35
e_coli	H	CAC	0.43
e_coli	Q	CAG	0.65
e_coli	H	CAT	0.57
e_coli	P	CCA	0.19
e_coli	P	CCC	0.12
e_coli	P	CCG	0.53
e_coli	P	CCT	0.16
e_coli	R	CGA	0.06
e_coli	R	CGC	0.40
e_coli	R	CGG	0.10
e_coli	R	CGT	0.38
e_coli	L	CTA	0.04
e_coli	L	CTC	0.10
e_coli	L	CTG	0.50
e_coli	L	CTT	0.10
e_coli	E	GAA	0.69
e_coli	D	GAC	0.37
e_coli	E	GAG	0.31
e_coli	D	GAT	0.63
e_coli	A	GCA	0.21
e_coli	A	GCC	0.27
e_coli	A	GCG	0.36
e_coli	A	GCT	0.16
e_coli	G	GGA	0.11
e_coli	G	GGC	0.41
e_coli	G	GGG	0.15
e_coli	G	GGT	0.34
e_coli	V	GTA	0.15
e_coli	V	GTC	0.22
e_coli	V	GTG	0.37
e_coli	V	GTT	0.26
e_coli	*	TAA	0.64
e_coli	Y	TAC	0.43
e_coli	*	TAG	0.07
e_coli	Y	TAT	0.57
e_coli	S	TCA	0.12
e_coli	S	TCC	0.15
e_coli	S	TCG	0.15
e_coli	S	TCT	0.15
e_coli	*	TGA	0.29
e_coli	C	TGC	0.56
e_coli	W	TGG	1.00
e_coli	C	TGT	0.44
e_coli	L	TTA	0.13
e_coli	F	TTC	0.43
e_coli	L	TTG	0.13
e_coli	F	TTT	0.57
g_gallus	K	AAA	0.44
g_gallus	N	AAC	0.57
g_gallus	K	AAG	0.56
g_gallus	N	AAT	0.43
g_gallus	T	ACA	0.30
g_gallus	T	ACC	0.31
g_gallus	T	ACG	0.14
g_gallus	T	ACT	0.25
g_gallus	R	AGA	0.22
g_gallus	S	AGC	0.26
g_gallus	R	AGG	0.21
g_gallus	S	AGT	0.14
g_gallus	I	ATA	0.18
g_gallus	I	ATC	0.46
g_gallus	M	ATG	1.00
g_gallus	I	ATT	0.35
g_gallus	Q	CAA	0.27
g_gallus	H	CAC	0.60
g_gallus	Q	CAG	0.73
g_gallus	H	CAT	0.40
g_gallus	P	CCA	0.28
g_gallus	P	CCC	0.30
g_gallus	P	CCG	0.14
g_gallus	P	CCT	0.27
g_gallus	R	CGA	0.10
g_gallus	R	CGC	0.19
g_gallus	R	CGG	0.18
g_gallus	R	CGT	0.10
g_gallus	L	CTA	0.06
g_gallus	L	CTC	0.18
g_gallus	L	CTG	0.41
g_gallus	L	CTT	0.13
g_gallus	E	GAA	0.43
g_gallus	D	GAC	0.50
g_gallus	E	GAG	0.57
g_gallus	D	GAT	0.50
g_gallus	A	GCA	0.26
g_gallus	A	GCC	0.32
g_gallus	A	GCG	0.13
g_gallus	A	GCT	0.29
g_gallus	G	GGA	0.27
g_gallus	G	GGC	0.31
g_gallus	G	GGG	0.25
g_gallus	G	GGT	0.18
g_gallus	V	GTA	0.12
g_gallus	V	GTC	0.22
g_gallus	V	GTG	0.45
g_gallus	V	GTT	0.21
g_gallus	*	TAA	0.32
g_gallus	Y	TAC	0.60
g_gallus	*	TAG	0.20
g_gallus	Y	TAT	0.40
g_gallus	S	TCA	0.15
g_gallus	S	TCC	0.20
g_gallus	S	TCG	0.07
g_gallus	S	TCT	0.18
g_gallus	*	TGA	0.47
g_gallus	C	TGC	0.60
g_gallus	W	TGG	1.00
g_gallus	C	TGT	0.40
g_gallus	L	TTA	0.08
g_gallus	F	TTC	0.55
g_gallus	L	TTG	0.13
g_gallus	F	TTT	0.45
h_sapiens	K	AAA	0.43
h_sapiens	N	AAC	0.53
h_sapiens	K	AAG	0.57
h_sapiens	N	AAT	0.47
h_sapiens	T	ACA	0.28
h_sapiens	T	ACC	0.36
h_sapiens	T	ACG	0.11
h_sapiens	T	ACT	0.25
h_sapiens	R	AGA	0.21
h_sapiens	S	AGC	0.24
h_sapiens	R	AGG	0.21
h_sapiens	S	AGT	0.15
h_sapiens	I	ATA	0.17
h_sapiens	I	ATC	0.47
h_sapiens	M	ATG	1.00
h_sapiens	I	ATT	0.36
h_sapiens	Q	CAA	0.27
h_sapiens	H	CAC	0.58
h_sapiens	Q	CAG	0.73
h_sapiens	H	CAT	0.42
h_sapiens	P	CCA	0.28
h_sapiens	P	CCC	0.32
h_sapiens	P	CCG	0.11
h_sapiens	P	CCT	0.29
h_sapiens	R	CGA	0.11
h_sapiens	R	CGC	0.18
h_sapiens	R	CGG	0.20
h_sapiens	R	CGT	0.08
h_sapiens	L	CTA	0.07
h_sapiens	L	CTC	0.20
h_sapiens	L	CTG	0.40
h_sapiens	L	CTT	0.13
h_sapiens	E	GAA	0.42
h_sapiens	D	GAC	0.54
h_sapiens	E	GAG	0.58
h_sapiens	D	GAT	0.46
h_sapiens	A	GCA	0.23
h_sapiens	A	GCC	0.40
h_sapiens	A	GCG	0.11
h_sapiens	A	GCT	0.27
h_sapiens	G	GGA	0.25
h_sapiens	G	GGC	0.34
h_sapiens	G	GGG	0.25
h_sapiens	G	GGT	0.16
h_sapiens	V	GTA	0.12
h_sapiens	V	GTC	0.24
h_sapiens	V	GTG	0.46
h_sapiens	V	GTT	0.18
h_sapiens	*	TAA	0.30
h_sapiens	Y	TAC	0.56
h_sapiens	*	TAG	0.24
h_sapiens	Y	TAT	0.44
h_sapiens	S	TCA	0.15
h_sapiens	S	TCC	0.22
h_sapiens	S	TCG	0.05
h_sapiens	S	TCT	0.19
h_sapiens	*	TGA	0.47
h_sapiens	C	TGC	0.54
h_sapiens	W	TGG	1.00
h_sapiens	C	TGT	0.46
h_sapiens	L	TTA	0.08
h_sapiens	F	TTC	0.54
h_sapiens	L	TTG	0.13
h_sapiens	F	TTT	0.46
m_musculus	K	AAA	0.39
m_musculus	N	AAC	0.57
m_musculus	K	AAG	0.61
m_musculus	N	AAT	0.43
m_musculus	T	ACA	0.29
m_musculus	T	ACC	0.35
m_musculus	T	ACG	0.10
m_musculus	T	ACT	0.25
m_musculus	R	AGA	0.22
m_musculus	S	AGC	0.24
m_musculus	R	AGG	0.22
m_musculus	S	AGT	0.15
m_musculus	I	ATA	0.16
m_musculus	I	ATC	0.50
m_musculus	M	ATG	1.00
m_musculus	I	ATT	0.34
m_musculus	Q	CAA	0.26
m_musculus	H	CAC	0.59
m_musculus	Q	CAG	0.74
m_musculus	H	CAT	0.41
m_musculus	P	CCA	0.29
m_musculus	P	CCC	0.30
m_musculus	P	CCG	0.10
m_musculus	P	CCT	0.31
m_musculus	R	CGA	0.12
m_musculus	R	CGC	0.17
m_musculus	R	CGG	0.19
m_musculus	R	CGT	0.08
m_musculus	L	CTA	0.08
m_musculus	L	CTC	0.20
m_musculus	L	CTG	0.39
m_musculus	L	CTT	0.13
m_musculus	E	GAA	0.41
m_musculus	D	GAC	0.55
m_musculus	E	GAG	0.59
m_musculus	D	GAT	0.45
m_musculus	A	GCA	0.23
m_musculus	A	GCC	0.38
m_musculus	A	GCG	0.09
m_musculus	A	GCT	0.29
m_musculus	G	GGA	0.26
m_musculus	G	GGC	0.33
m_musculus	G	GGG	0.23
m_musculus	G	GGT	0.18
m_musculus	V	GTA	0.12
m_musculus	V	GTC	0.25
m_musculus	V	GTG	0.46
m_musculus	V	GTT	0.17
m_musculus	*	TAA	0.28
m_musculus	Y	TAC	0.57
m_musculus	*	TAG	0.23
m_musculus	Y	TAT	0.43
m_musculus	S	TCA	0.14
m_musculus	S	TCC	0.22
m_musculus	S	TCG	0.05
m_musculus	S	TCT	0.20
m_musculus	*	TGA	0.49
m_musculus	C	TGC	0.52
m_musculus	W	TGG	1.00
m_musculus	C	TGT	0.48
m_musculus	L	TTA	0.07
m_musculus	F	TTC	0.56
m_musculus	L	TTG	0.13
m_musculus	F	TTT	0.44
m_musculus_domesticus	K	AAA	0.58
m_musculus_domesticus	N	AAC	0.59
m_musculus_domesticus	K	AAG	0.42
m_musculus_domesticus	N	AAT	0.41
m_musculus_domesticus	T	ACA	0.40
m_musculus_domesticus	T	ACC	0.28
m_musculus_domesticus	T	ACG	0.08
m_musculus_domesticus	T	ACT	0.24
m_musculus_domesticus	R	AGA	0.34
m_musculus_domesticus	S	AGC	0.23
m_musculus_domesticus	R	AGG	0.25
m_musculus_domesticus	S	AGT	0.13
m_musculus_domesticus	I	ATA	0.29
m_musculus_domesticus	I	ATC	0.43
m_musculus_domesticus	M	ATG	1.00
m_musculus_domesticus	I	ATT	0.27
m_musculus_domesticus	Q	CAA	0.24
m_musculus_domesticus	H	CAC	0.65
m_musculus_domesticus	Q	CAG	0.76
m_musculus_domesticus	H	CAT	0.35
m_musculus_domesticus	P	CCA	0.34
m_musculus_domesticus	P	CCC	0.30
m_musculus_domesticus	P	CCG	0.10
m_musculus_domesticus	P	CCT	0.26
m_musculus_domesticus	R	CGA	0.10
m_musculus_domesticus	R	CGC	0.13
m_musculus_domesticus	R	CGG	0.13
m_musculus_domesticus	R	CGT	0.06
m_musculus_domesticus	L	CTA	0.14
m_musculus_domesticus	L	CTC	0.21
m_musculus_domesticus	L	CTG	0.35
m_musculus_domesticus	L	CTT	0.13
m_musculus_domesticus	E	GAA	0.49
m_musculus_domesticus	D	GAC	0.61
m_musculus_domesticus	E	GAG	0.51
m_musculus_domesticus	D	GAT	0.39
m_musculus_domesticus	A	GCA	0.30
m_musculus_domesticus	A	GCC	0.36
m_musculus_domesticus	A	GCG	0.11
m_musculus_domesticus	A	GCT	0.23
m_musculus_domesticus	G	GGA	0.29
m_musculus_domesticus	G	GGC	0.32
m_musculus_domesticus	G	GGG	0.22
m_musculus_domesticus	G	GGT	0.17
m_musculus_domesticus	V	GTA	0.19
m_musculus_domesticus	V	GTC	0.24
m_musculus_domesticus	V	GTG	0.43
m_musculus_domesticus	V	GTT	0.14
m_musculus_domesticus	*	TAA	0.27
m_musculus_domesticus	Y	TAC	0.59
m_musculus_domesticus	*	TAG	0.45
m_musculus_domesticus	Y	TAT	0.41
m_musculus_domesticus	S	TCA	0.21
m_musculus_domesticus	S	TCC	0.21
m_musculus_domesticus	S	TCG	0.06
m_musculus_domesticus	S	TCT	0.16
m_musculus_domesticus	*	TGA	0.27
m_musculus_domesticus	C	TGC	0.55
m_musculus_domesticus	W	TGG	1.00
m_musculus_domesticus	C	TGT	0.45
m_musculus_domesticus	L	TTA	0.07
m_musculus_domesticus	F	TTC	0.61
m_musculus_domesticus	L	TTG	0.10
m_musculus_domesticus	F	TTT	0.39
s_cerevisiae	K	AAA	0.58
s_cerevisiae	N	AAC	0.41
s_cerevisiae	K	AAG	0.42
s_cerevisiae	N	AAT	0.59
s_cerevisiae	T	ACA	0.30
s_cerevisiae	T	ACC	0.22
s_cerevisiae	T	ACG	0.14
s_cerevisiae	T	ACT	0.35
s_cerevisiae	R	AGA	0.48
s_cerevisiae	S	AGC	0.11
s_cerevisiae	R	AGG	0.21
s_cerevisiae	S	AGT	0.16
s_cerevisiae	I	ATA	0.27
s_cerevisiae	I	ATC	0.26
s_cerevisiae	M	ATG	1.00
s_cerevisiae	I	ATT	0.46
s_cerevisiae	Q	CAA	0.69
s_cerevisiae	H	CAC	0.36
s_cerevisiae	Q	CAG	0.31
s_cerevisiae	H	CAT	0.64
s_cerevisiae	P	CCA	0.42
s_cerevisiae	P	CCC	0.15
s_cerevisiae	P	CCG	0.12
s_cerevisiae	P	CCT	0.31
s_cerevisiae	R	CGA	0.07
s_cerevisiae	R	CGC	0.06
s_cerevisiae	R	CGG	0.04
s_cerevisiae	R	CGT	0.14
s_cerevisiae	L	CTA	0.14
s_cerevisiae	L	CTC	0.06
s_cerevisiae	L	CTG	0.11
s_cerevisiae	L	CTT	0.13
s_cerevisiae	E	GAA	0.70
s_cerevisiae	D	GAC	0.35
s_cerevisiae	E	GAG	0.30
s_cerevisiae	D	GAT	0.65
s_cerevisiae	A	GCA	0.29
s_cerevisiae	A	GCC	0.22
s_cerevisiae	A	GCG	0.11
s_cerevisiae	A	GCT	0.38
s_cerevisiae	G	GGA	0.22
s_cerevisiae	G	GGC	0.19
s_cerevisiae	G	GGG	0.12
s_cerevisiae	G	GGT	0.47
s_cerevisiae	V	GTA	0.21
s_cerevisiae	V	GTC	0.21
s_cerevisiae	V	GTG	0.19
s_cerevisiae	V	GTT	0.39
s_cerevisiae	*	TAA	0.47
s_cerevisiae	Y	TAC	0.44
s_cerevisiae	*	TAG	0.23
s_cerevisiae	Y	TAT	0.56
s_cerevisiae	S	TCA	0.21
s_cerevisiae	S	TCC	0.16
s_cerevisiae	S	TCG	0.10
s_cerevisiae	S	TCT	0.26
s_cerevisiae	*	TGA	0.30
s_cerevisiae	C	TGC	0.37
s_cerevisiae	W	TGG	1.00
s_cerevisiae	C	TGT	0.63
s_cerevisiae	L	TTA	0.28
s_cerevisiae	F	TTC	0.41
s_cerevisiae	L	TTG	0.29
s_cerevisiae	F	TTT	0.59
# Source: Kazusa Codon Usage Database (https://www.kazusa.or.jp/codon/)
# License: CC0 (python_codon_tables, https://github.com/Edinburgh-Genome-Foundry/python_codon_tables)
